metric,scene,images,official_gain
native_disparity_mae,ai_003_010,3,0.00686902708063523
native_disparity_mae,ai_004_003,3,0.041852996995051704
native_disparity_mae,ai_004_004,3,2.082561453183492e-05
native_disparity_mae,ai_004_010,1,0.009322218596935272
native_disparity_mae,ai_005_005,2,-0.01802939921617508
native_disparity_mae,ai_006_007,1,0.02032921463251114
native_disparity_mae,ai_007_001,3,0.0054909853885571165
native_disparity_mae,ai_009_007,1,0.013676853850483894
native_disparity_mae,ai_009_009,1,0.004819165915250778
native_disparity_mae,ai_010_007,2,0.008877768646925688
native_disparity_mae,ai_012_005,1,0.007772453129291534
native_disparity_mae,ai_015_001,1,-0.004269247874617577
native_disparity_mae,ai_015_004,2,0.009094425942748785
native_disparity_mae,ai_016_001,1,0.006828140467405319
native_disparity_mae,ai_016_004,1,-0.00015562959015369415
native_disparity_mae,ai_017_007,3,-0.01109293227394422
native_disparity_mae,ai_018_005,3,0.000991793970266978
native_disparity_mae,ai_019_008,1,0.00028761476278305054
native_disparity_mae,ai_022_010,1,0.0075204819440841675
native_disparity_mae,ai_023_003,3,0.019968663963178795
native_disparity_mae,ai_024_012,1,0.018659651279449463
native_disparity_mae,ai_024_013,2,-0.004532338585704565
native_disparity_mae,ai_028_008,1,-0.012622475624084473
native_disparity_mae,ai_030_008,1,-0.004157904535531998
native_disparity_mae,ai_031_004,1,0.004353255033493042
native_disparity_mae,ai_031_010,2,-0.00775696337223053
native_disparity_mae,ai_032_007,1,0.00217413529753685
native_disparity_mae,ai_035_003,1,0.0021797865629196167
native_disparity_mae,ai_035_004,2,-0.001476137898862362
native_disparity_mae,ai_038_009,2,0.004893947392702103
native_disparity_mae,ai_039_003,3,0.01817565473417441
native_disparity_mae,ai_041_003,1,0.015076698735356331
native_disparity_mae,ai_044_001,3,0.002235757497449716
native_disparity_mae,ai_044_003,4,0.0031508347019553185
native_disparity_mae,ai_045_008,3,0.03124219613770644
native_disparity_mae,ai_046_005,1,-0.004715390503406525
native_disparity_mae,ai_047_009,1,0.0030243396759033203
native_disparity_mae,ai_048_001,5,-0.007595117017626762
native_disparity_mae,ai_050_002,7,-0.002990618348121643
native_disparity_mae,ai_051_004,7,0.00017578048365456716
native_disparity_mae,ai_052_001,3,0.006961410865187645
native_disparity_mae,ai_052_003,3,0.0020552178223927817
native_disparity_mae,ai_052_007,2,-0.008576663210988045
native_disparity_mae,ai_053_003,2,0.00016581173986196518
native_disparity_mae,ai_053_005,1,-0.002192161977291107
native_disparity_mae,ai_055_009,3,-0.005173362170656522
affine_point_rel,ai_003_010,3,0.0072885118424892426
affine_point_rel,ai_004_003,3,0.004839606583118439
affine_point_rel,ai_004_004,3,0.0010058119272192319
affine_point_rel,ai_004_010,1,0.0027753636240959167
affine_point_rel,ai_005_005,2,-0.00011430308222770691
affine_point_rel,ai_006_007,1,0.01574585773050785
affine_point_rel,ai_007_001,3,0.002486094832420349
affine_point_rel,ai_009_007,1,0.01590375043451786
affine_point_rel,ai_009_009,1,0.010934919118881226
affine_point_rel,ai_010_007,2,0.009048182051628828
affine_point_rel,ai_012_005,1,0.005563490092754364
affine_point_rel,ai_015_001,1,-0.0021649617701768875
affine_point_rel,ai_015_004,2,0.0018286369740962982
affine_point_rel,ai_016_001,1,0.002405591309070587
affine_point_rel,ai_016_004,1,-0.004260905086994171
affine_point_rel,ai_017_007,3,0.0036518101890881858
affine_point_rel,ai_018_005,3,0.0017759688198566437
affine_point_rel,ai_019_008,1,-0.003561832010746002
affine_point_rel,ai_022_010,1,0.002559661865234375
affine_point_rel,ai_023_003,3,0.013110461955269178
affine_point_rel,ai_024_012,1,0.004910800606012344
affine_point_rel,ai_024_013,2,-0.006546087563037872
affine_point_rel,ai_028_008,1,0.0008660256862640381
affine_point_rel,ai_030_008,1,0.0050028786063194275
affine_point_rel,ai_031_004,1,-0.0002782866358757019
affine_point_rel,ai_031_010,2,-0.006726641207933426
affine_point_rel,ai_032_007,1,0.0197812020778656
affine_point_rel,ai_035_003,1,0.007141903042793274
affine_point_rel,ai_035_004,2,0.019762296229600906
affine_point_rel,ai_038_009,2,0.015188096091151237
affine_point_rel,ai_039_003,3,0.007442674289147059
affine_point_rel,ai_041_003,1,0.0029961690306663513
affine_point_rel,ai_044_001,3,0.007453564554452896
affine_point_rel,ai_044_003,4,-0.0006637419573962688
affine_point_rel,ai_045_008,3,0.009874092414975166
affine_point_rel,ai_046_005,1,0.0029310062527656555
affine_point_rel,ai_047_009,1,0.02192831039428711
affine_point_rel,ai_048_001,5,-0.0035031624138355255
affine_point_rel,ai_050_002,7,-0.002326929143496922
affine_point_rel,ai_051_004,7,0.001619754359126091
affine_point_rel,ai_052_001,3,-0.0032160629828770957
affine_point_rel,ai_052_003,3,-0.0011043474078178406
affine_point_rel,ai_052_007,2,0.003981767222285271
affine_point_rel,ai_053_003,2,0.006825428456068039
affine_point_rel,ai_053_005,1,0.0027427151799201965
affine_point_rel,ai_055_009,3,0.0004071493943532308
local_point_rel,ai_003_010,3,0.0009557294775731865
local_point_rel,ai_004_003,3,-0.0012037719842264358
local_point_rel,ai_004_004,3,0.0011891731082599739
local_point_rel,ai_004_010,1,0.0009477867611816931
local_point_rel,ai_005_005,2,-0.0004051862365847085
local_point_rel,ai_006_007,1,0.0002297292489351517
local_point_rel,ai_007_001,3,0.0018052132521922208
local_point_rel,ai_009_007,1,0.0002859768768151555
local_point_rel,ai_009_009,1,0.004881769232451913
local_point_rel,ai_010_007,2,-0.0002337772489732345
local_point_rel,ai_012_005,1,-0.002405356615781784
local_point_rel,ai_015_001,1,-0.0007510756840929389
local_point_rel,ai_015_004,2,0.00902851002423891
local_point_rel,ai_016_001,1,-0.0017433461422721556
local_point_rel,ai_016_004,1,0.0022784853354096413
local_point_rel,ai_017_007,3,-0.00027390867013089154
local_point_rel,ai_018_005,3,0.0009442496285330323
local_point_rel,ai_019_008,1,-0.0024003672879189253
local_point_rel,ai_022_010,1,0.001959392917342484
local_point_rel,ai_023_003,3,0.0012029030541371966
local_point_rel,ai_024_012,1,0.0003526873705494704
local_point_rel,ai_024_013,2,-0.00011577346983055337
local_point_rel,ai_028_008,1,0.001028230743637934
local_point_rel,ai_030_008,1,0.0026639126202402004
local_point_rel,ai_031_004,1,0.0007561203092336655
local_point_rel,ai_031_010,2,-0.0008028355310671018
local_point_rel,ai_032_007,1,0.001861136284117635
local_point_rel,ai_035_003,1,0.004075548145920038
local_point_rel,ai_035_004,1,0.0004903522785753012
local_point_rel,ai_038_009,2,-0.00014954351471981563
local_point_rel,ai_039_003,3,0.0011040061695018297
local_point_rel,ai_041_003,1,-0.00022804151432445283
local_point_rel,ai_044_001,3,0.0012674768388803517
local_point_rel,ai_044_003,4,-3.453739521898022e-05
local_point_rel,ai_045_008,3,0.0013659691062962841
local_point_rel,ai_046_005,1,-0.00010132091119885445
local_point_rel,ai_047_009,1,0.002672309428453444
local_point_rel,ai_048_001,5,-6.193341510934842e-05
local_point_rel,ai_050_002,7,0.001041800936739112
local_point_rel,ai_051_004,7,-0.00014224548978343992
local_point_rel,ai_052_001,3,0.0005591440043134383
local_point_rel,ai_052_003,3,4.105767503561943e-05
local_point_rel,ai_052_007,2,0.0021100852560872836
local_point_rel,ai_053_003,2,0.0015820956671029913
local_point_rel,ai_053_005,1,0.0010069562367310634
local_point_rel,ai_055_009,3,0.00048657965865762237
affine_depth_rel,ai_003_010,3,0.004370439797639847
affine_depth_rel,ai_004_003,3,0.0007466524839401245
affine_depth_rel,ai_004_004,3,0.004152862975994746
affine_depth_rel,ai_004_010,1,0.00021572411060333252
affine_depth_rel,ai_005_005,2,-0.00045528635382652283
affine_depth_rel,ai_006_007,1,0.01030285656452179
affine_depth_rel,ai_007_001,3,0.0029815671344598136
affine_depth_rel,ai_009_007,1,0.010740181431174278
affine_depth_rel,ai_009_009,1,0.0115400031208992
affine_depth_rel,ai_010_007,2,0.0074880714528262615
affine_depth_rel,ai_012_005,1,0.010068003088235855
affine_depth_rel,ai_015_001,1,-0.00011914782226085663
affine_depth_rel,ai_015_004,2,0.003356275148689747
affine_depth_rel,ai_016_001,1,0.001131393015384674
affine_depth_rel,ai_016_004,1,-0.00431380420923233
affine_depth_rel,ai_017_007,3,0.0026552664736906686
affine_depth_rel,ai_018_005,3,8.196383714675903e-05
affine_depth_rel,ai_019_008,1,-0.0035761818289756775
affine_depth_rel,ai_022_010,1,0.0027112439274787903
affine_depth_rel,ai_023_003,3,0.010948697415490946
affine_depth_rel,ai_024_012,1,0.0034481175243854523
affine_depth_rel,ai_024_013,2,-0.005662926472723484
affine_depth_rel,ai_028_008,1,0.003184959292411804
affine_depth_rel,ai_030_008,1,0.005125837400555611
affine_depth_rel,ai_031_004,1,-0.006837416440248489
affine_depth_rel,ai_031_010,2,-0.003563452512025833
affine_depth_rel,ai_032_007,1,0.019140996038913727
affine_depth_rel,ai_035_003,1,0.007925156503915787
affine_depth_rel,ai_035_004,2,0.007123854011297226
affine_depth_rel,ai_038_009,2,0.01682540401816368
affine_depth_rel,ai_039_003,3,0.005637723952531815
affine_depth_rel,ai_041_003,1,-0.006716456264257431
affine_depth_rel,ai_044_001,3,0.005510963499546051
affine_depth_rel,ai_044_003,4,-0.0015523158945143223
affine_depth_rel,ai_045_008,3,0.008865737045804659
affine_depth_rel,ai_046_005,1,0.003350391983985901
affine_depth_rel,ai_047_009,1,0.02008478343486786
affine_depth_rel,ai_048_001,5,-0.0016038335859775543
affine_depth_rel,ai_050_002,7,-0.002457566559314728
affine_depth_rel,ai_051_004,7,0.001682419063789504
affine_depth_rel,ai_052_001,3,-0.002382081001996994
affine_depth_rel,ai_052_003,3,-0.0016435794532299042
affine_depth_rel,ai_052_007,2,0.004870595410466194
affine_depth_rel,ai_053_003,2,0.008404877968132496
affine_depth_rel,ai_053_005,1,0.0016592666506767273
affine_depth_rel,ai_055_009,3,-0.0007325919965902964
local_depth_rel,ai_003_010,3,0.0007836961633681007
local_depth_rel,ai_004_003,3,-0.001272734646904635
local_depth_rel,ai_004_004,3,0.0035395362392861233
local_depth_rel,ai_004_010,1,0.0009036295648132062
local_depth_rel,ai_005_005,2,-0.0012993554525550354
local_depth_rel,ai_006_007,1,-9.887995353589571e-05
local_depth_rel,ai_007_001,3,0.0018550876397890371
local_depth_rel,ai_009_007,1,0.0012927328546841962
local_depth_rel,ai_009_009,1,0.0032181968912482276
local_depth_rel,ai_010_007,2,-9.596257748651412e-05
local_depth_rel,ai_012_005,1,-0.007001099176704884
local_depth_rel,ai_015_001,1,-0.0012687953033794948
local_depth_rel,ai_015_004,2,0.015042101847939193
local_depth_rel,ai_016_001,1,-0.001969752212365469
local_depth_rel,ai_016_004,1,0.0006867516785860062
local_depth_rel,ai_017_007,3,0.0011720160361040725
local_depth_rel,ai_018_005,3,0.0015415732757121858
local_depth_rel,ai_019_008,1,-0.0028426034841686487
local_depth_rel,ai_022_010,1,0.0017536995001137257
local_depth_rel,ai_023_003,3,0.0009571768653889497
local_depth_rel,ai_024_012,1,0.00011073196462045229
local_depth_rel,ai_024_013,2,-7.138176200290579e-05
local_depth_rel,ai_028_008,1,0.0029031146356525497
local_depth_rel,ai_030_008,1,0.00223115470726043
local_depth_rel,ai_031_004,1,-0.035033004358410835
local_depth_rel,ai_031_010,2,-0.0034110263412003433
local_depth_rel,ai_032_007,1,0.0015761858146441585
local_depth_rel,ai_035_003,1,0.004586632751549283
local_depth_rel,ai_035_004,1,0.0005729158874601126
local_depth_rel,ai_038_009,2,-0.0011428261806040643
local_depth_rel,ai_039_003,3,0.001207553603927846
local_depth_rel,ai_041_003,1,-0.00022894899862316992
local_depth_rel,ai_044_001,3,0.0012016255621685318
local_depth_rel,ai_044_003,4,-0.000971387672032436
local_depth_rel,ai_045_008,3,0.0007983693705191699
local_depth_rel,ai_046_005,1,0.0001483472529798767
local_depth_rel,ai_047_009,1,0.0027659464627504335
local_depth_rel,ai_048_001,5,5.2989978752465e-05
local_depth_rel,ai_050_002,7,0.0018275177170936434
local_depth_rel,ai_051_004,7,0.00041987509145851497
local_depth_rel,ai_052_001,3,-0.0012612356929123034
local_depth_rel,ai_052_003,3,-3.3846413619661085e-05
local_depth_rel,ai_052_007,2,0.0020355779367188607
local_depth_rel,ai_053_003,2,0.0016743773798603423
local_depth_rel,ai_053_005,1,0.0011591748732730361
local_depth_rel,ai_055_009,3,0.0005558221914624394
local_point_delta_0.01,ai_003_010,3,0.014305484512199929
local_point_delta_0.01,ai_004_003,3,-0.02374269887369281
local_point_delta_0.01,ai_004_004,3,0.022342150658369087
local_point_delta_0.01,ai_004_010,1,0.04580049855368479
local_point_delta_0.01,ai_005_005,2,-0.03033969904636105
local_point_delta_0.01,ai_006_007,1,-0.012479286640882492
local_point_delta_0.01,ai_007_001,3,0.019431174083641107
local_point_delta_0.01,ai_009_007,1,0.024798264106114742
local_point_delta_0.01,ai_009_009,1,0.0710012659430504
local_point_delta_0.01,ai_010_007,2,-0.033798772013849676
local_point_delta_0.01,ai_012_005,1,0.021615318953990936
local_point_delta_0.01,ai_015_001,1,0.04826056957244873
local_point_delta_0.01,ai_015_004,2,-0.005809822518910712
local_point_delta_0.01,ai_016_001,1,-0.058500587940216064
local_point_delta_0.01,ai_016_004,1,0.05712294578552246
local_point_delta_0.01,ai_017_007,3,-0.05038060753070043
local_point_delta_0.01,ai_018_005,3,0.014882237140444047
local_point_delta_0.01,ai_019_008,1,-0.026800617575645447
local_point_delta_0.01,ai_022_010,1,0.001619785325601697
local_point_delta_0.01,ai_023_003,3,0.05478955308596293
local_point_delta_0.01,ai_024_012,1,0.021304578623837944
local_point_delta_0.01,ai_024_013,2,0.015963189552227697
local_point_delta_0.01,ai_028_008,1,-0.02095187952121097
local_point_delta_0.01,ai_030_008,1,0.08222618947426474
local_point_delta_0.01,ai_031_004,1,-0.00954123710592586
local_point_delta_0.01,ai_031_010,2,0.022800916898995632
local_point_delta_0.01,ai_032_007,1,0.080605046333451
local_point_delta_0.01,ai_035_003,1,0.12895771861076355
local_point_delta_0.01,ai_035_004,1,0.019098937511444092
local_point_delta_0.01,ai_038_009,2,-0.049535276274187384
local_point_delta_0.01,ai_039_003,3,0.02406012407607505
local_point_delta_0.01,ai_041_003,1,-0.01953566188995659
local_point_delta_0.01,ai_044_001,3,0.030330755779804857
local_point_delta_0.01,ai_044_003,4,-0.0028307600708847858
local_point_delta_0.01,ai_045_008,3,0.05944542043384108
local_point_delta_0.01,ai_046_005,1,-0.03065578937530511
local_point_delta_0.01,ai_047_009,1,0.016967329382896412
local_point_delta_0.01,ai_048_001,5,0.043859642780488206
local_point_delta_0.01,ai_050_002,7,0.020467182238885946
local_point_delta_0.01,ai_051_004,7,0.0030525054133525337
local_point_delta_0.01,ai_052_001,3,0.01957549830339485
local_point_delta_0.01,ai_052_003,3,-0.016102077698128103
local_point_delta_0.01,ai_052_007,2,0.08531338150302567
local_point_delta_0.01,ai_053_003,2,0.04532203557235853
local_point_delta_0.01,ai_053_005,1,0.039437856721250664
local_point_delta_0.01,ai_055_009,3,-0.02688169546632302
boundary_f1_radius1,ai_003_010,3,0.0001517398841020349
boundary_f1_radius1,ai_004_003,3,-0.0009257084310690203
boundary_f1_radius1,ai_004_004,3,0.0071369297592299985
boundary_f1_radius1,ai_004_010,1,0.001265147259131072
boundary_f1_radius1,ai_005_005,2,0.0027063864912852953
boundary_f1_radius1,ai_006_007,1,-0.0012979038450005587
boundary_f1_radius1,ai_007_001,3,0.003921227026619049
boundary_f1_radius1,ai_009_007,1,0.003316155500048268
boundary_f1_radius1,ai_009_009,1,-0.002789991859577401
boundary_f1_radius1,ai_010_007,2,-0.00027333574080562473
boundary_f1_radius1,ai_012_005,1,0.011030824244486481
boundary_f1_radius1,ai_015_001,1,-0.0010209723653318292
boundary_f1_radius1,ai_015_004,2,0.006989778662257973
boundary_f1_radius1,ai_016_001,1,0.006194185100682481
boundary_f1_radius1,ai_016_004,1,0.005091605554659595
boundary_f1_radius1,ai_017_007,3,0.00960998450056888
boundary_f1_radius1,ai_018_005,3,-0.0027149535772828678
boundary_f1_radius1,ai_019_008,1,-0.001652775318064792
boundary_f1_radius1,ai_022_010,1,0.0013772026334234466
boundary_f1_radius1,ai_023_003,3,0.00753180080263699
boundary_f1_radius1,ai_024_012,1,0.0018954800323161825
boundary_f1_radius1,ai_024_013,2,0.0031929083863316
boundary_f1_radius1,ai_028_008,1,-0.0011692614395517609
boundary_f1_radius1,ai_030_008,1,0.0021910251273393744
boundary_f1_radius1,ai_031_004,1,3.412974871541685e-05
boundary_f1_radius1,ai_031_010,2,-0.0009365145246307272
boundary_f1_radius1,ai_032_007,1,-0.004526848144327522
boundary_f1_radius1,ai_035_003,1,0.013415356768855358
boundary_f1_radius1,ai_035_004,2,-0.004875362871311621
boundary_f1_radius1,ai_038_009,2,-0.0032564699686587484
boundary_f1_radius1,ai_039_003,3,0.007407149209371716
boundary_f1_radius1,ai_041_003,1,0.0010458455497984187
boundary_f1_radius1,ai_044_001,3,0.004077845750187862
boundary_f1_radius1,ai_044_003,4,-0.000939091464187837
boundary_f1_radius1,ai_045_008,3,0.00022788691862159668
boundary_f1_radius1,ai_046_005,1,0.006080366262316783
boundary_f1_radius1,ai_047_009,1,0.0013038773569333806
boundary_f1_radius1,ai_048_001,5,-0.0002366048790511832
boundary_f1_radius1,ai_050_002,7,-0.0022651938843809005
boundary_f1_radius1,ai_051_004,7,0.0013739689551377499
boundary_f1_radius1,ai_052_001,3,-3.491206270824406e-05
boundary_f1_radius1,ai_052_003,3,-0.002452744246635256
boundary_f1_radius1,ai_052_007,2,-0.004230112160743656
boundary_f1_radius1,ai_053_003,2,-0.0005392443692621429
boundary_f1_radius1,ai_053_005,1,0.006498314884993306
boundary_f1_radius1,ai_055_009,3,-0.00908431628565152
